disbursement_id,timestamp,customer_id,full_name,principal_pkr,tenor_months,apr_pct,monthly_emi_pkr,total_repayable_pkr,credit_grade,calibrated_pd_pct,e_sign_name,status,payment_rail,settlement_status
PK-DISB-20260914-58505,2026-09-14 11:46:06,CUST0000001,Hussain Afridi,75000.0,24,24.07,3967.95,95230.8,C,2.96,Hussain Afridi,DISBURSED_ACTIVE,SBP_RAAST_INSTANT,SETTLED_CREDITED
PK-DISB-20260909-61366,2026-09-09 15:11:18,QA_TEST_BORROWER,QA Auditor,50000.0,12,22.5,4690.0,56280.0,B,2.5,QA Auditor,DISBURSED_ACTIVE,SBP_RAAST_INSTANT,SETTLED_CREDITED
PK-DISB-20260909-57107,2026-09-09 15:10:04,QA_TEST_BORROWER,QA Auditor,50000.0,12,22.5,4690.0,56280.0,B,2.5,QA Auditor,DISBURSED_ACTIVE,SBP_RAAST_INSTANT,SETTLED_CREDITED
PK-DISB-20260909-60191,2026-09-09 15:04:03,QA_TEST_BORROWER,QA Auditor,50000.0,12,22.5,4690.0,56280.0,B,2.5,QA Auditor,DISBURSED_ACTIVE,SBP_RAAST_INSTANT,SETTLED_CREDITED
PK-DISB-20260909-76501,2026-09-09 14:59:30,QA_TEST_BORROWER,QA Auditor,50000.0,12,22.5,4690.0,56280.0,B,2.5,QA Auditor,DISBURSED_ACTIVE,SBP_RAAST_INSTANT,SETTLED_CREDITED
PK-DISB-20260907-18352,2026-09-07 11:39:05,QA_TEST_BORROWER,QA Auditor,50000.0,12,22.5,4690.0,56280.0,B,2.5,QA Auditor,DISBURSED_ACTIVE,SBP_RAAST_INSTANT,SETTLED_CREDITED
PK-DISB-20260907-86310,2026-09-07 11:38:08,QA_TEST_BORROWER,QA Auditor,50000.0,12,22.5,4690.0,56280.0,B,2.5,QA Auditor,DISBURSED_ACTIVE,SBP_RAAST_INSTANT,SETTLED_CREDITED
PK-DISB-20260907-11597,2026-09-07 10:59:57,CUST0000090,Bilal Chaudhry,75000.0,24,26.12,4045.13,97083.12,C,5.89,Bilal Chaudhry,DISBURSED_ACTIVE,SBP_RAAST_INSTANT,SETTLED_CREDITED
PK-DISB-20260907-78637,2026-09-07 10:56:58,CUST0000003,Shahid Hashmi,75000.0,24,25.93,8283.41,198801.84,C,5.82,Shahid Hashmi,DISBURSED_ACTIVE,SBP_RAAST_INSTANT,SETTLED_CREDITED
